{
    "colors": {
        "AIRWIRE": {
            "b": 1.0,
            "g": 1.0,
            "r": 0.0
        },
        "AIRWIRE_ROUTER": {
            "b": 0.0,
            "g": 1.0,
            "r": 1.0
        },
        "BACKGROUND": {
            "b": 0.1568627506494522,
            "g": 0.1568627506494522,
            "r": 0.1568627506494522
        },
        "BUS": {
            "b": 0.0,
            "g": 0.4000000059604645,
            "r": 1.0
        },
        "CONNECTION_LINE": {
            "b": 0.6000000238418579,
            "g": 0.0,
            "r": 0.699999988079071
        },
        "CURSOR_NORMAL": {
            "b": 0.0,
            "g": 1.0,
            "r": 0.0
        },
        "CURSOR_TARGET": {
            "b": 0.0,
            "g": 0.0,
            "r": 1.0
        },
        "DIFFPAIR": {
            "b": 0.0,
            "g": 1.0,
            "r": 0.5
        },
        "DIMENSION": {
            "b": 1.0,
            "g": 1.0,
            "r": 1.0
        },
        "ERROR": {
            "b": 0.0,
            "g": 0.0,
            "r": 1.0
        },
        "FRAG_ORPHAN": {
            "b": 0.0,
            "g": 1.0,
            "r": 1.0
        },
        "FRAME": {
            "b": 0.0,
            "g": 0.5,
            "r": 0.0
        },
        "GRID": {
            "b": 0.14044444262981415,
            "g": 0.14044444262981415,
            "r": 0.5333333611488342
        },
        "HOLE": {
            "b": 1.0,
            "g": 1.0,
            "r": 1.0
        },
        "JUNCTION": {
            "b": 0.0,
            "g": 0.0,
            "r": 0.0
        },
        "MARKER_BORDER": {
            "b": 1.0,
            "g": 1.0,
            "r": 1.0
        },
        "NET": {
            "b": 0.0,
            "g": 1.0,
            "r": 0.0
        },
        "NOPOPULATE_X": {
            "b": 0.4000000059604645,
            "g": 0.4000000059604645,
            "r": 0.800000011920929
        },
        "ORIGIN": {
            "b": 0.0,
            "g": 1.0,
            "r": 0.0
        },
        "PIN": {
            "b": 1.0,
            "g": 1.0,
            "r": 1.0
        },
        "PIN_HIDDEN": {
            "b": 0.5,
            "g": 0.5,
            "r": 0.5
        },
        "SEARCH": {
            "b": 1.0,
            "g": 0.0,
            "r": 0.0
        },
        "SEARCH_CURRENT": {
            "b": 1.0,
            "g": 0.0,
            "r": 1.0
        },
        "SELECTABLE_ALWAYS": {
            "b": 0.0,
            "g": 1.0,
            "r": 1.0
        },
        "SELECTABLE_INNER": {
            "b": 0.0,
            "g": 0.0,
            "r": 0.0
        },
        "SELECTABLE_OUTER": {
            "b": 1.0,
            "g": 0.0,
            "r": 1.0
        },
        "SELECTABLE_PRELIGHT": {
            "b": 0.5,
            "g": 0.0,
            "r": 0.5
        },
        "SELECTION_BOX": {
            "b": 0.0,
            "g": 0.0,
            "r": 1.0
        },
        "SELECTION_LINE": {
            "b": 1.0,
            "g": 1.0,
            "r": 0.0
        },
        "SHADOW": {
            "b": 0.30000001192092896,
            "g": 0.30000001192092896,
            "r": 0.30000001192092896
        },
        "TEXT_OVERLAY": {
            "b": 1.0,
            "g": 1.0,
            "r": 1.0
        }
    },
    "layer_colors": {
        "-1": {
            "b": 0.0,
            "g": 1.0,
            "r": 1.0
        },
        "-100": {
            "b": 0.0,
            "g": 1.0,
            "r": 0.0
        },
        "-110": {
            "b": 0.25,
            "g": 0.5,
            "r": 0.25
        },
        "-120": {
            "b": 0.8999999761581421,
            "g": 0.8999999761581421,
            "r": 0.8999999761581421
        },
        "-130": {
            "b": 0.800000011920929,
            "g": 0.800000011920929,
            "r": 0.800000011920929
        },
        "-140": {
            "b": 0.5,
            "g": 0.5,
            "r": 0.5
        },
        "-150": {
            "b": 0.5,
            "g": 0.5,
            "r": 0.5
        },
        "-160": {
            "b": 0.5,
            "g": 0.5,
            "r": 0.5
        },
        "-2": {
            "b": 0.0,
            "g": 1.0,
            "r": 1.0
        },
        "-200": {
            "b": 1.0,
            "g": 1.0,
            "r": 1.0
        },
        "-3": {
            "b": 0.0,
            "g": 1.0,
            "r": 1.0
        },
        "-4": {
            "b": 0.0,
            "g": 1.0,
            "r": 1.0
        },
        "0": {
            "b": 0.11372549086809158,
            "g": 0.1411764770746231,
            "r": 0.800000011920929
        },
        "10": {
            "b": 0.5,
            "g": 0.5,
            "r": 1.0
        },
        "100": {
            "b": 0.0,
            "g": 0.6000000238418579,
            "r": 0.6000000238418579
        },
        "10000": {
            "b": 1.0,
            "g": 1.0,
            "r": 1.0
        },
        "110": {
            "b": 0.0,
            "g": 0.6000000238418579,
            "r": 0.6000000238418579
        },
        "20": {
            "b": 0.8999999761581421,
            "g": 0.8999999761581421,
            "r": 0.8999999761581421
        },
        "200": {
            "b": 1.0,
            "g": 1.0,
            "r": 1.0
        },
        "30": {
            "b": 0.800000011920929,
            "g": 0.800000011920929,
            "r": 0.800000011920929
        },
        "40": {
            "b": 0.5,
            "g": 0.5,
            "r": 0.5
        },
        "50": {
            "b": 0.5,
            "g": 0.5,
            "r": 0.5
        },
        "60": {
            "b": 0.5,
            "g": 0.5,
            "r": 0.5
        }
    },
    "layered": true
}
